pair_id,record_a,title_a,year_a,authors_a,record_b,title_b,year_b,authors_b,title_ratio,author_jaccard,abstract_cosine,body_ratio,rule_says,human_same_work
p01,arxiv:1809.02694,Neural Machine Translation of Logographic Languages Using Sub-character Level Information,2018,Longtu Zhang; Mamoru Komachi,arxiv:2005.11239,Character-level Transformer-based Neural Machine Translation,2020,Nikolay Banar; Walter Daelemans; Mike Kestemont,82.4,0.0,0.8608,0.91,separate,
p02,arxiv:1903.00149,Chinese-Japanese Unsupervised Neural Machine Translation Using Sub-character Level Information,2019,Longtu Zhang; Mamoru Komachi,arxiv:2005.11239,Character-level Transformer-based Neural Machine Translation,2020,Nikolay Banar; Walter Daelemans; Mike Kestemont,82.4,0.0,0.8277,0.496,separate,
p03,arxiv:1809.02592,Logographic Subword Model for Neural Machine Translation,2018,Yihao Fang; Rong Zheng; Xiaodan Zhu,arxiv:1902.07250,Neural Machine Translation for Cebuano to Tagalog with Subword Unit Translation,2019,Kristine Mae M. Adlaon; Nelson Marcos,80.9,0.0,0.8106,0.811,separate,
p04,arxiv:1809.02592,Logographic Subword Model for Neural Machine Translation,2018,Yihao Fang; Rong Zheng; Xiaodan Zhu,oa:W3034789084,Dynamic Programming Encoding for Subword Segmentation in Neural Machine Translation,2020,Xuanli He; Gholamreza Haffari; Mohammad Norouzi,80.9,0.0,0.7666,0.994,separate,
p05,arxiv:1807.09639,Finding Better Subword Segmentation for Neural Machine Translation,2018,Yingting Wu; Hai Zhao,oa:W7126379402,Subword Segmentation and a Single Bridge Language Affect Zero-Shot Neural Machine Translation,2020,Annette Rios; Mathias Müller; Rico Sennrich,83.2,0.0,0.8733,0.862,separate,
p06,arxiv:1809.02592,Logographic Subword Model for Neural Machine Translation,2018,Yihao Fang; Rong Zheng; Xiaodan Zhu,oa:W3118022667,Bilingual Subword Segmentation for Neural Machine Translation,2020,Hiroyuki Deguchi; Masao Utiyama; Akihiro Tamura; Takashi Ninomiya; Eiichiro Sumita,80.9,0.0,0.8136,0.867,separate,
p07,oa:W3118022667,Bilingual Subword Segmentation for Neural Machine Translation,2020,Hiroyuki Deguchi; Masao Utiyama; Akihiro Tamura; Takashi Ninomiya; Eiichiro Sumita,oa:W4404783998,BERTSeg: BERT Based Unsupervised Subword Segmentation for Neural Machine Translation,2022,Haiyue Song; Raj Dabre; Zhuoyuan Mao; Chenhui Chu; Sadao Kurohashi,91.1,0.0,0.8272,0.844,separate,
p08,arxiv:1807.09639,Finding Better Subword Segmentation for Neural Machine Translation,2018,Yingting Wu; Hai Zhao,oa:W3034789084,Dynamic Programming Encoding for Subword Segmentation in Neural Machine Translation,2020,Xuanli He; Gholamreza Haffari; Mohammad Norouzi,87.2,0.0,0.8772,0.687,separate,
p09,arxiv:1806.09030,On Adversarial Examples for Character-Level Neural Machine Translation,2018,Javid Ebrahimi; Daniel Lowd; Dejing Dou,arxiv:2005.11239,Character-level Transformer-based Neural Machine Translation,2020,Nikolay Banar; Walter Daelemans; Mike Kestemont,82.4,0.0,0.8086,0.808,separate,
p10,arxiv:2406.09717,UniBridge: A Unified Approach to Cross-Lingual Transfer Learning for Low-Resource Languages,2024,Trinh Pham; Khoi M. Le; Luu Anh Tuan,arxiv:2509.17493,Enhancing Cross-Lingual Transfer through Reversible Transliteration: A Huffman-Based Approach for Low-Resource Languages,2025,Wenhao Zhuang; Yuan Sun; Xiaobing Zhao,80.0,0.0,0.8244,0.814,separate,
p11,arxiv:1809.02592,Logographic Subword Model for Neural Machine Translation,2018,Yihao Fang; Rong Zheng; Xiaodan Zhu,arxiv:2005.06606,Dynamic Programming Encoding for Subword Segmentation in Neural Machine Translation,2020,Xuanli He; Gholamreza Haffari; Mohammad Norouzi,80.9,0.0,0.7683,0.938,separate,
p12,oa:W3118022667,Bilingual Subword Segmentation for Neural Machine Translation,2020,Hiroyuki Deguchi; Masao Utiyama; Akihiro Tamura; Takashi Ninomiya; Eiichiro Sumita,oa:W7126379402,Subword Segmentation and a Single Bridge Language Affect Zero-Shot Neural Machine Translation,2020,Annette Rios; Mathias Müller; Rico Sennrich,87.0,0.0,0.8543,0.925,separate,
p13,arxiv:1608.04738,An Efficient Character-Level Neural Machine Translation,2016,Shenjian Zhao; Zhihua Zhang,arxiv:1805.01565,Incorporating Chinese Radicals Into Neural Machine Translation: Deeper Than Character Level,2018,Lifeng Han; Shaohui Kuang,86.6,0.0,0.8348,0.862,separate,
p14,arxiv:2202.13590,LCP-dropout: Compression-based Multiple Subword Segmentation for Neural Machine Translation,2022,Keita Nonaka; Kazutaka Yamanouchi; Tomohiro I; Tsuyoshi Okita; Kazutaka Shimada; Hiroshi Sakamoto,oa:W3118022667,Bilingual Subword Segmentation for Neural Machine Translation,2020,Hiroyuki Deguchi; Masao Utiyama; Akihiro Tamura; Takashi Ninomiya; Eiichiro Sumita,91.1,0.0,0.8614,0.815,separate,
p15,arxiv:2506.03523,TokAlign: Efficient Vocabulary Adaptation via Token Alignment,2025,Chong Li; Jiajun Zhang; Chengqing Zong,arxiv:2605.13429,TokAlign++: Advancing Vocabulary Adaptation via Better Token Alignment,2026,Chong Li; Yingzhuo Deng; Wen Yang; Jiajun Zhang; Chengqing Zong,90.9,0.6,0.9829,0.744,separate,
p16,arxiv:1603.06147,A Character-Level Decoder without Explicit Segmentation for Neural Machine Translation,2016,Junyoung Chung; Kyunghyun Cho; Yoshua Bengio,arxiv:1608.04738,An Efficient Character-Level Neural Machine Translation,2016,Shenjian Zhao; Zhihua Zhang,86.6,0.0,0.9038,0.716,separate,
p17,arxiv:1807.09639,Finding Better Subword Segmentation for Neural Machine Translation,2018,Yingting Wu; Hai Zhao,oa:W3112593586,Subword segmentation and a single bridge language affect zero-shot neural machine translation,2020,Annette Rios; Mathias Müller; Rico Sennrich,83.2,0.0,0.8733,0.862,separate,
p18,arxiv:2106.00400,Sub-Character Tokenization for Chinese Pretrained Language Models,2021,Chenglei Si; Zhengyan Zhang; Yingfa Chen; Fanchao Qi; Xiaozhi Wang; Zhiyuan Liu; Yasheng Wang; Qun Liu; Maosong Sun,arxiv:2310.12751,Character-level Chinese Backpack Language Models,2023,Hao Sun; John Hewitt,81.5,0.125,0.816,0.748,separate,
p19,arxiv:2410.19730,Counting Ability of Large Language Models and Impact of Tokenization,2024,Xiang Zhang; Juntai Cao; Chenyu You,arxiv:2610.01127,Counting and Min-Cost Encoding for Tokenization in Large Language Models,2026,Shuming Shi; Xiang Zhang; Hao Yu; Wenbo Fei; Changjian Wang; Zhan Wang; Guoqing Pang; Guangye Yu; Quan Lu; Ning Jiang,83.9,0.1,0.8227,0.966,separate,
p20,arxiv:1608.04738,An Efficient Character-Level Neural Machine Translation,2016,Shenjian Zhao; Zhihua Zhang,arxiv:1809.02694,Neural Machine Translation of Logographic Languages Using Sub-character Level Information,2018,Longtu Zhang; Mamoru Komachi,86.6,0.333,0.8527,0.799,separate,
p21,arxiv:2011.01703,Subword Segmentation and a Single Bridge Language Affect Zero-Shot Neural Machine Translation,2020,Annette Rios; Mathias Müller; Rico Sennrich,oa:W3112593586,Subword segmentation and a single bridge language affect zero-shot neural machine translation,2020,Annette Rios; Mathias Müller; Rico Sennrich,100.0,1.0,0.9983,0.95,merge,
p22,arxiv:2306.15268,Can Pretrained Language Models Derive Correct Semantics from Corrupt Subwords under Noise?,2023,Xinzhe Li; Ming Liu; Shang Gao,oa:W4385718045,Can Pretrained Language Models Derive Correct Semantics from Corrupt Subwords under Noise?,2023,Xinzhe Li; Ming Liu; Shang Bing Gao,100.0,1.0,1.0,0.935,merge,
p23,arxiv:2602.05347,How Do Language Models Acquire Character-Level Information?,2026,Soma Sato; Ryohei Sasano,oa:W7140143844,How Do Language Models Acquire Character-Level Information?,2026,Soma Sato; Ryohei Sasano,100.0,1.0,1.0,0.923,merge,
p24,arxiv:2606.20993,Phonemes to the Rescue: Multilingual Tokenization Based on International Phonetic Alphabet,2026,Milan Miletić; Julie Kallini; Ekaterina Shutova,oa:W7166818500,Phonemes to the Rescue: Multilingual Tokenization Based on International Phonetic Alphabet,2026,Milan Miletić; Julie Kallini; Ekaterina Shutova,100.0,1.0,0.9933,0.944,merge,
p25,oa:W3112593586,Subword segmentation and a single bridge language affect zero-shot neural machine translation,2020,Annette Rios; Mathias Müller; Rico Sennrich,oa:W7126379402,Subword Segmentation and a Single Bridge Language Affect Zero-Shot Neural Machine Translation,2020,Annette Rios; Mathias Müller; Rico Sennrich,100.0,1.0,0.9978,1.0,merge,
