retriever,variant,collapse,n,recall@5,recall@5_lo,recall@5_hi,mrr@10,duprate@5,distinct_works@5
hybrid-bge,raw,off,30,0.6583,0.4998,0.8083,0.5235,0.68,1.6
bge,raw,off,30,0.5083,0.3333,0.6833,0.4792,0.66,1.7
bm25,raw,off,30,0.7333,0.5833,0.8667,0.5248,0.68,1.6
hybrid-bge,canonical,off,30,0.6778,0.5167,0.8278,0.5664,0.64,1.8
bge,canonical,off,30,0.5833,0.4083,0.75,0.4931,0.6,2.0
bm25,canonical,off,30,0.8278,0.7,0.9333,0.5809,0.6133,1.9333
hybrid-bge,canonical,r1 cap 4,30,0.6444,0.4778,0.8028,0.5483,0.5233,2.3667
bge,canonical,r1 cap 4,30,0.5167,0.3417,0.6917,0.4787,0.5017,2.4667
bm25,canonical,r1 cap 4,30,0.7944,0.6556,0.9167,0.5742,0.4967,2.5
hybrid-bge,canonical,r1 cap 3,30,0.5778,0.4111,0.7444,0.5317,0.4178,2.8667
bge,canonical,r1 cap 3,30,0.4833,0.3165,0.6583,0.4708,0.41,2.8667
bm25,canonical,r1 cap 3,30,0.6611,0.5,0.8111,0.5409,0.3844,3.0333
hybrid-bge,canonical,r1 cap 2,30,0.5111,0.3472,0.6806,0.5122,0.28,3.5
bge,canonical,r1 cap 2,30,0.45,0.2833,0.625,0.4603,0.2944,3.3333
bm25,canonical,r1 cap 2,30,0.5944,0.4333,0.75,0.5187,0.2483,3.6333
hybrid-bge,canonical,r1 cap 2 + r2 tau 0.92 + r3,30,0.5111,0.3472,0.6806,0.5122,0.28,3.5
bge,canonical,r1 cap 2 + r2 tau 0.92 + r3,30,0.45,0.2833,0.625,0.4603,0.2944,3.3333
bm25,canonical,r1 cap 2 + r2 tau 0.92 + r3,30,0.5944,0.4333,0.75,0.5187,0.2417,3.6667
hybrid-bge,canonical,r1 cap 2 + r2 tau 0.88 + r3,30,0.4611,0.3,0.6306,0.5159,0.28,3.5
hybrid-bge,canonical,r1 cap 2 + r2 tau 0.90 + r3,30,0.5111,0.3472,0.6806,0.5122,0.28,3.5
hybrid-bge,canonical,r1 cap 2 + r2 tau 0.95 + r3,30,0.5111,0.3472,0.6806,0.5122,0.28,3.5
hybrid-bge,canonical,r1 cap 2 + r2 tau 0.97 + r3,30,0.5111,0.3472,0.6806,0.5122,0.28,3.5
