title_ratio,author_jaccard,abstract_cos,tp,fp,fn,precision,recall
80,0.3,0.8,71,2,3,0.973,0.959
80,0.3,0.85,71,2,3,0.973,0.959
80,0.3,0.9,68,1,6,0.986,0.919
80,0.4,0.8,69,1,5,0.986,0.932
80,0.4,0.85,69,1,5,0.986,0.932
80,0.4,0.9,66,1,8,0.985,0.892
80,0.5,0.8,69,1,5,0.986,0.932
80,0.5,0.85,69,1,5,0.986,0.932
80,0.5,0.9,66,1,8,0.985,0.892
80,0.6,0.8,69,1,5,0.986,0.932
80,0.6,0.85,69,1,5,0.986,0.932
80,0.6,0.9,66,1,8,0.985,0.892
80,0.7,0.8,67,0,7,1.0,0.905
80,0.7,0.85,67,0,7,1.0,0.905
80,0.7,0.9,64,0,10,1.0,0.865
85,0.3,0.8,71,2,3,0.973,0.959
85,0.3,0.85,71,2,3,0.973,0.959
85,0.3,0.9,68,1,6,0.986,0.919
85,0.4,0.8,69,1,5,0.986,0.932
85,0.4,0.85,69,1,5,0.986,0.932
85,0.4,0.9,66,1,8,0.985,0.892
85,0.5,0.8,69,1,5,0.986,0.932
85,0.5,0.85,69,1,5,0.986,0.932
85,0.5,0.9,66,1,8,0.985,0.892
85,0.6,0.8,69,1,5,0.986,0.932
85,0.6,0.85,69,1,5,0.986,0.932
85,0.6,0.9,66,1,8,0.985,0.892
85,0.7,0.8,67,0,7,1.0,0.905
85,0.7,0.85,67,0,7,1.0,0.905
85,0.7,0.9,64,0,10,1.0,0.865
88,0.3,0.8,71,1,3,0.986,0.959
88,0.3,0.85,71,1,3,0.986,0.959
88,0.3,0.9,68,1,6,0.986,0.919
88,0.4,0.8,69,1,5,0.986,0.932
88,0.4,0.85,69,1,5,0.986,0.932
88,0.4,0.9,66,1,8,0.985,0.892
88,0.5,0.8,69,1,5,0.986,0.932
88,0.5,0.85,69,1,5,0.986,0.932
88,0.5,0.9,66,1,8,0.985,0.892
88,0.6,0.8,69,1,5,0.986,0.932
88,0.6,0.85,69,1,5,0.986,0.932
88,0.6,0.9,66,1,8,0.985,0.892
88,0.7,0.8,67,0,7,1.0,0.905
88,0.7,0.85,67,0,7,1.0,0.905
88,0.7,0.9,64,0,10,1.0,0.865
90,0.3,0.8,71,1,3,0.986,0.959
90,0.3,0.85,71,1,3,0.986,0.959
90,0.3,0.9,68,1,6,0.986,0.919
90,0.4,0.8,69,1,5,0.986,0.932
90,0.4,0.85,69,1,5,0.986,0.932
90,0.4,0.9,66,1,8,0.985,0.892
90,0.5,0.8,69,1,5,0.986,0.932
90,0.5,0.85,69,1,5,0.986,0.932
90,0.5,0.9,66,1,8,0.985,0.892
90,0.6,0.8,69,1,5,0.986,0.932
90,0.6,0.85,69,1,5,0.986,0.932
90,0.6,0.9,66,1,8,0.985,0.892
90,0.7,0.8,67,0,7,1.0,0.905
90,0.7,0.85,67,0,7,1.0,0.905
90,0.7,0.9,64,0,10,1.0,0.865
92,0.3,0.8,71,0,3,1.0,0.959
92,0.3,0.85,71,0,3,1.0,0.959
92,0.3,0.9,68,0,6,1.0,0.919
92,0.4,0.8,69,0,5,1.0,0.932
92,0.4,0.85,69,0,5,1.0,0.932
92,0.4,0.9,66,0,8,1.0,0.892
92,0.5,0.8,69,0,5,1.0,0.932
92,0.5,0.85,69,0,5,1.0,0.932
92,0.5,0.9,66,0,8,1.0,0.892
92,0.6,0.8,69,0,5,1.0,0.932
92,0.6,0.85,69,0,5,1.0,0.932
92,0.6,0.9,66,0,8,1.0,0.892
92,0.7,0.8,67,0,7,1.0,0.905
92,0.7,0.85,67,0,7,1.0,0.905
92,0.7,0.9,64,0,10,1.0,0.865
95,0.3,0.8,71,0,3,1.0,0.959
95,0.3,0.85,71,0,3,1.0,0.959
95,0.3,0.9,68,0,6,1.0,0.919
95,0.4,0.8,69,0,5,1.0,0.932
95,0.4,0.85,69,0,5,1.0,0.932
95,0.4,0.9,66,0,8,1.0,0.892
95,0.5,0.8,69,0,5,1.0,0.932
95,0.5,0.85,69,0,5,1.0,0.932
95,0.5,0.9,66,0,8,1.0,0.892
95,0.6,0.8,69,0,5,1.0,0.932
95,0.6,0.85,69,0,5,1.0,0.932
95,0.6,0.9,66,0,8,1.0,0.892
95,0.7,0.8,67,0,7,1.0,0.905
95,0.7,0.85,67,0,7,1.0,0.905
95,0.7,0.9,64,0,10,1.0,0.865
98,0.3,0.8,71,0,3,1.0,0.959
98,0.3,0.85,71,0,3,1.0,0.959
98,0.3,0.9,68,0,6,1.0,0.919
98,0.4,0.8,69,0,5,1.0,0.932
98,0.4,0.85,69,0,5,1.0,0.932
98,0.4,0.9,66,0,8,1.0,0.892
98,0.5,0.8,69,0,5,1.0,0.932
98,0.5,0.85,69,0,5,1.0,0.932
98,0.5,0.9,66,0,8,1.0,0.892
98,0.6,0.8,69,0,5,1.0,0.932
98,0.6,0.85,69,0,5,1.0,0.932
98,0.6,0.9,66,0,8,1.0,0.892
98,0.7,0.8,67,0,7,1.0,0.905
98,0.7,0.85,67,0,7,1.0,0.905
98,0.7,0.9,64,0,10,1.0,0.865
