record_a,record_b,work_a,work_b,title_a,title_b,title_ratio,author_jaccard,abstract_cosine,body_ratio,decision
arxiv:1508.06615,oa:W2741692265,1508.06615,oa:W2741692265,Character-Aware Neural Language Models,Comparing Character-level Neural Language Models Using a Lexical Decision Task,58.6,0.0,0.8767,,separate
arxiv:1508.06615,oa:W3081921938,1508.06615,oa:W3081921938,Character-Aware Neural Language Models,Représentations continues dérivées des caractères pour un modèle de langue neuronal à vocabulaire ouvert (Opening the vocabulary of neural language models with character-level word representations),30.3,0.0,0.8585,,separate
arxiv:1511.04586,arxiv:1603.06147,1511.04586,1603.06147,Character-based Neural Machine Translation,A Character-Level Decoder without Explicit Segmentation for Neural Machine Translation,59.4,0.0,0.9082,0.878,separate
arxiv:1511.04586,arxiv:1604.00788,1511.04586,1604.00788,Character-based Neural Machine Translation,Achieving Open Vocabulary Neural Machine Translation with Hybrid Word-Character Models,60.9,0.0,0.8899,0.909,separate
arxiv:1511.04586,arxiv:1604.01221,1511.04586,1604.01221,Character-based Neural Machine Translation,Character-Level Neural Translation for Multilingual Media Monitoring in the SUMMA Project,50.4,0.0,0.8216,0.705,separate
arxiv:1511.04586,arxiv:1608.04738,1511.04586,1608.04738,Character-based Neural Machine Translation,An Efficient Character-Level Neural Machine Translation,92.3,0.0,0.8866,0.816,separate
arxiv:1511.04586,arxiv:1609.07730,1511.04586,1609.07730,Character-based Neural Machine Translation,Lattice-Based Recurrent Neural Network Encoders for Neural Machine Translation,63.3,0.0,0.8592,0.846,separate
arxiv:1511.04586,arxiv:1610.03017,1511.04586,1610.03017,Character-based Neural Machine Translation,Fully Character-Level Neural Machine Translation without Explicit Segmentation,60.0,0.0,0.9276,0.751,separate
arxiv:1511.04586,arxiv:1612.04629,1511.04586,1612.04629,Character-based Neural Machine Translation,How Grammatical is Character-level Neural Machine Translation? Assessing MT Quality with Contrastive Translation Pairs,50.3,0.0,0.8437,0.624,separate
arxiv:1511.04586,arxiv:1706.05087,1511.04586,1706.05087,Character-based Neural Machine Translation,"Plan, Attend, Generate: Character-level Neural Machine Translation with Planning in the Decoder",59.7,0.0,0.8642,0.588,separate
arxiv:1603.06147,arxiv:1608.04738,1603.06147,1608.04738,A Character-Level Decoder without Explicit Segmentation for Neural Machine Translation,An Efficient Character-Level Neural Machine Translation,86.6,0.0,0.9038,0.716,separate
arxiv:1603.06147,arxiv:1610.03017,1603.06147,1610.03017,A Character-Level Decoder without Explicit Segmentation for Neural Machine Translation,Fully Character-Level Neural Machine Translation without Explicit Segmentation,96.0,0.2,0.9357,0.855,separate
arxiv:1608.04738,arxiv:1610.03017,1608.04738,1610.03017,An Efficient Character-Level Neural Machine Translation,Fully Character-Level Neural Machine Translation without Explicit Segmentation,86.6,0.0,0.9002,0.613,separate
arxiv:1608.04738,arxiv:1612.04629,1608.04738,1612.04629,An Efficient Character-Level Neural Machine Translation,How Grammatical is Character-level Neural Machine Translation? Assessing MT Quality with Contrastive Translation Pairs,58.1,0.0,0.8385,0.765,separate
arxiv:1608.04738,arxiv:1706.05087,1608.04738,1706.05087,An Efficient Character-Level Neural Machine Translation,"Plan, Attend, Generate: Character-level Neural Machine Translation with Planning in the Decoder",69.4,0.0,0.8375,0.721,separate
arxiv:1608.04738,arxiv:1805.01565,1608.04738,1805.01565,An Efficient Character-Level Neural Machine Translation,Incorporating Chinese Radicals Into Neural Machine Translation: Deeper Than Character Level,86.6,0.0,0.8348,0.862,separate
arxiv:1608.04738,arxiv:1806.09030,1608.04738,1806.09030,An Efficient Character-Level Neural Machine Translation,On Adversarial Examples for Character-Level Neural Machine Translation,86.6,0.0,0.7978,0.709,separate
arxiv:1608.04738,arxiv:1809.02694,1608.04738,1809.02694,An Efficient Character-Level Neural Machine Translation,Neural Machine Translation of Logographic Languages Using Sub-character Level Information,86.6,0.333,0.8527,0.799,separate
arxiv:1608.04738,oa:W2963223057,1608.04738,1809.02694,An Efficient Character-Level Neural Machine Translation,Neural Machine Translation of Logographic Language Using Sub-character Level Information,86.6,0.333,0.8493,0.787,separate
arxiv:1610.10099,arxiv:1706.05087,1610.10099,1706.05087,Neural Machine Translation in Linear Time,"Plan, Attend, Generate: Character-level Neural Machine Translation with Planning in the Decoder",52.6,0.0,0.8306,0.609,separate
arxiv:1610.10099,arxiv:1707.06012,1610.10099,1707.06012,Neural Machine Translation in Linear Time,Modeling Target-Side Inflection in Neural Machine Translation,82.9,0.0,0.8147,,separate
arxiv:1610.10099,arxiv:1805.07133,1610.10099,1805.07133,Neural Machine Translation in Linear Time,Combining Advanced Methods in Japanese-Vietnamese Neural Machine Translation,56.4,0.0,0.8205,,separate
arxiv:1706.05087,arxiv:1909.03341,1706.05087,1909.03341,"Plan, Attend, Generate: Character-level Neural Machine Translation with Planning in the Decoder",Neural Machine Translation with Byte-Level Subwords,57.3,0.0,0.7665,0.844,separate
arxiv:1802.08375,arxiv:1803.05071,1802.08375,1803.05071,Reusing Weights in Subword-aware Neural Language Models,Neural Lattice Language Models,51.8,0.0,0.851,0.934,separate
arxiv:1803.05071,arxiv:1812.00815,1803.05071,1812.00815,Neural Lattice Language Models,Comparing Neural- and N-Gram-Based Language Models for Word Segmentation,43.6,0.0,0.8264,0.778,separate
arxiv:1803.05071,arxiv:1906.07285,1803.05071,1906.07285,Neural Lattice Language Models,Tabula nearly rasa: Probing the Linguistic Knowledge of Character-Level Neural Language Models Trained on Unsegmented Text,35.8,0.0,0.8499,0.704,separate
arxiv:1803.05071,arxiv:1910.01043,1803.05071,1910.01043,Neural Lattice Language Models,Neural Word Decomposition Models for Abusive Language Detection,47.3,0.0,0.7552,,separate
arxiv:1803.05071,oa:W2741692265,1803.05071,oa:W2741692265,Neural Lattice Language Models,Comparing Character-level Neural Language Models Using a Lexical Decision Task,48.1,0.0,0.8464,0.455,separate
arxiv:1803.05071,oa:W3081921938,1803.05071,oa:W3081921938,Neural Lattice Language Models,Représentations continues dérivées des caractères pour un modèle de langue neuronal à vocabulaire ouvert (Opening the vocabulary of neural language models with character-level word representations),23.3,0.0,0.8537,0.991,separate
arxiv:1804.06506,arxiv:2005.11239,1804.06506,2005.11239,Improving Character-based Decoding Using Target-Side Morphological Information for Neural Machine Translation,Character-level Transformer-based Neural Machine Translation,59.2,0.0,0.8505,0.772,separate
arxiv:1805.01565,arxiv:2005.11239,1805.01565,2005.11239,Incorporating Chinese Radicals Into Neural Machine Translation: Deeper Than Character Level,Character-level Transformer-based Neural Machine Translation,82.4,0.0,0.8586,0.756,separate
arxiv:1806.09030,arxiv:2005.11239,1806.09030,2005.11239,On Adversarial Examples for Character-Level Neural Machine Translation,Character-level Transformer-based Neural Machine Translation,82.4,0.0,0.8086,0.808,separate
arxiv:1807.09639,arxiv:1809.02592,1807.09639,1809.02592,Finding Better Subword Segmentation for Neural Machine Translation,Logographic Subword Model for Neural Machine Translation,80.9,0.0,0.8197,0.691,separate
arxiv:1807.09639,arxiv:1910.12368,1807.09639,1910.12368,Finding Better Subword Segmentation for Neural Machine Translation,Multitask Learning For Different Subword Segmentations In Neural Machine Translation,80.0,0.0,0.8549,0.8,separate
arxiv:1807.09639,arxiv:2005.06606,1807.09639,2005.06606,Finding Better Subword Segmentation for Neural Machine Translation,Dynamic Programming Encoding for Subword Segmentation in Neural Machine Translation,87.2,0.0,0.878,0.737,separate
arxiv:1807.09639,arxiv:2011.01703,1807.09639,2011.01703,Finding Better Subword Segmentation for Neural Machine Translation,Subword Segmentation and a Single Bridge Language Affect Zero-Shot Neural Machine Translation,83.2,0.0,0.8759,0.907,separate
arxiv:1807.09639,oa:W2757041753,1807.09639,oa:W2757041753,Finding Better Subword Segmentation for Neural Machine Translation,Target-side Word Segmentation Strategies for Neural Machine Translation,80.3,0.0,0.9269,0.541,separate
arxiv:1807.09639,oa:W3118022667,1807.09639,oa:W3118022667,Finding Better Subword Segmentation for Neural Machine Translation,Bilingual Subword Segmentation for Neural Machine Translation,91.1,0.0,0.9046,0.797,separate
arxiv:1807.09639,oa:W3034789084,1807.09639,2005.06606,Finding Better Subword Segmentation for Neural Machine Translation,Dynamic Programming Encoding for Subword Segmentation in Neural Machine Translation,87.2,0.0,0.8772,0.687,separate
arxiv:1807.09639,oa:W3112593586,1807.09639,2011.01703,Finding Better Subword Segmentation for Neural Machine Translation,Subword segmentation and a single bridge language affect zero-shot neural machine translation,83.2,0.0,0.8733,0.862,separate
arxiv:1807.09639,oa:W7126379402,1807.09639,2011.01703,Finding Better Subword Segmentation for Neural Machine Translation,Subword Segmentation and a Single Bridge Language Affect Zero-Shot Neural Machine Translation,83.2,0.0,0.8733,0.862,separate
arxiv:1808.04444,arxiv:2004.14788,1808.04444,2004.14788,Character-Level Language Modeling with Deeper Self-Attention,Character-Level Translation with Self-attention,85.4,0.0,0.8521,0.853,separate
arxiv:1808.04444,oa:W3034407863,1808.04444,2004.14788,Character-Level Language Modeling with Deeper Self-Attention,Character-Level Translation with Self-attention,85.4,0.0,0.8503,0.884,separate
arxiv:1808.09943,arxiv:2005.11239,1808.09943,2005.11239,Revisiting Character-Based Neural Machine Translation with Capacity and Compression,Character-level Transformer-based Neural Machine Translation,82.4,0.0,0.922,0.797,separate
arxiv:1809.02592,arxiv:1809.02694,1809.02592,1809.02694,Logographic Subword Model for Neural Machine Translation,Neural Machine Translation of Logographic Languages Using Sub-character Level Information,80.9,0.0,0.8971,0.975,separate
arxiv:1809.02592,arxiv:1902.07250,1809.02592,1902.07250,Logographic Subword Model for Neural Machine Translation,Neural Machine Translation for Cebuano to Tagalog with Subword Unit Translation,80.9,0.0,0.8106,0.811,separate
arxiv:1809.02592,arxiv:1905.10453,1809.02592,1905.10453,Logographic Subword Model for Neural Machine Translation,A Call for Prudent Choice of Subword Merge Operations in Neural Machine Translation,80.9,0.0,0.8057,0.987,separate
arxiv:1809.02592,arxiv:1910.12368,1809.02592,1910.12368,Logographic Subword Model for Neural Machine Translation,Multitask Learning For Different Subword Segmentations In Neural Machine Translation,80.9,0.0,0.7854,0.553,separate
arxiv:1809.02592,arxiv:2004.14109,1809.02592,2004.14109,Logographic Subword Model for Neural Machine Translation,Adversarial Subword Regularization for Robust Neural Machine Translation,80.9,0.0,0.7569,0.66,separate
arxiv:1809.02592,arxiv:2005.06606,1809.02592,2005.06606,Logographic Subword Model for Neural Machine Translation,Dynamic Programming Encoding for Subword Segmentation in Neural Machine Translation,80.9,0.0,0.7683,0.938,separate
arxiv:1809.02592,oa:W3118022667,1809.02592,oa:W3118022667,Logographic Subword Model for Neural Machine Translation,Bilingual Subword Segmentation for Neural Machine Translation,80.9,0.0,0.8136,0.867,separate
arxiv:1809.02592,oa:W3034789084,1809.02592,2005.06606,Logographic Subword Model for Neural Machine Translation,Dynamic Programming Encoding for Subword Segmentation in Neural Machine Translation,80.9,0.0,0.7666,0.994,separate
arxiv:1809.02592,oa:W3098989509,1809.02592,2004.14109,Logographic Subword Model for Neural Machine Translation,Adversarial Subword Regularization for Robust Neural Machine Translation,80.9,0.0,0.7569,0.672,separate
arxiv:1809.02592,oa:W2963223057,1809.02592,1809.02694,Logographic Subword Model for Neural Machine Translation,Neural Machine Translation of Logographic Language Using Sub-character Level Information,80.9,0.0,0.8964,0.99,separate
arxiv:1809.02694,arxiv:1903.00149,1809.02694,1903.00149,Neural Machine Translation of Logographic Languages Using Sub-character Level Information,Chinese-Japanese Unsupervised Neural Machine Translation Using Sub-character Level Information,83.7,1.0,0.8988,0.452,separate
arxiv:1809.02694,arxiv:2005.11239,1809.02694,2005.11239,Neural Machine Translation of Logographic Languages Using Sub-character Level Information,Character-level Transformer-based Neural Machine Translation,82.4,0.0,0.8608,0.91,separate
arxiv:1809.04259,arxiv:2010.10813,1809.04259,2010.10813,Generalizing Word Embeddings using Bag of Subwords,PBoS: Probabilistic Bag-of-Subwords for Generalizing Word Embedding,81.0,0.167,0.9181,0.446,separate
arxiv:1809.04259,oa:W3099291938,1809.04259,2010.10813,Generalizing Word Embeddings using Bag of Subwords,PBoS: Probabilistic Bag-of-Subwords for Generalizing Word Embedding,81.0,0.4,0.9107,0.401,separate
arxiv:1810.08641,oa:W3118022667,1810.08641,oa:W3118022667,Optimizing Segmentation Granularity for Neural Machine Translation,Bilingual Subword Segmentation for Neural Machine Translation,82.7,0.0,0.8737,0.823,separate
arxiv:1903.00149,arxiv:2005.11239,1903.00149,2005.11239,Chinese-Japanese Unsupervised Neural Machine Translation Using Sub-character Level Information,Character-level Transformer-based Neural Machine Translation,82.4,0.0,0.8277,0.496,separate
arxiv:1903.00149,oa:W2963223057,1903.00149,1809.02694,Chinese-Japanese Unsupervised Neural Machine Translation Using Sub-character Level Information,Neural Machine Translation of Logographic Language Using Sub-character Level Information,84.2,1.0,0.8994,0.445,separate
arxiv:1905.05475,arxiv:2008.09396,1905.05475,2008.09396,Effective Cross-lingual Transfer of Neural Machine Translation Models without Shared Vocabularies,Neural Machine Translation without Embeddings,56.3,0.0,0.7591,0.548,separate
arxiv:1906.01282,arxiv:2005.11239,1906.01282,2005.11239,Lattice-Based Transformer Encoder for Neural Machine Translation,Character-level Transformer-based Neural Machine Translation,84.6,0.0,0.8742,0.605,separate
arxiv:1910.06753,arxiv:2005.11239,1910.06753,2005.11239,On the Importance of Word Boundaries in Character-level Neural Machine Translation,Character-level Transformer-based Neural Machine Translation,82.4,0.0,0.8979,0.971,separate
arxiv:1910.12368,oa:W3118022667,1910.12368,oa:W3118022667,Multitask Learning For Different Subword Segmentations In Neural Machine Translation,Bilingual Subword Segmentation for Neural Machine Translation,81.4,0.0,0.8497,0.638,separate
arxiv:1910.13267,arxiv:2103.08490,1910.13267,2103.08490,BPE-Dropout: Simple and Effective Subword Regularization,Multi-view Subword Regularization,80.0,0.0,0.8412,0.925,separate
arxiv:1910.13267,oa:W3166790124,1910.13267,2103.08490,BPE-Dropout: Simple and Effective Subword Regularization,Multi-view Subword Regularization,80.0,0.0,0.8397,0.957,separate
arxiv:2001.01589,oa:W3118022667,2001.01589,oa:W3118022667,Morphological Word Segmentation on Agglutinative Languages for Neural Machine Translation,Bilingual Subword Segmentation for Neural Machine Translation,82.7,0.0,0.8658,,separate
arxiv:2001.01589,oa:W3185358959,2001.01589,oa:W3185358959,Morphological Word Segmentation on Agglutinative Languages for Neural Machine Translation,Optimal Word Segmentation for Neural Machine Translation into Dravidian Languages,83.5,0.0,0.8334,,separate
arxiv:2004.02334,arxiv:2012.15671,2004.02334,2012.15671,Finding the Optimal Vocabulary Size for Neural Machine Translation,Vocabulary Learning via Optimal Transport for Neural Machine Translation,85.2,0.0,0.8312,,separate
arxiv:2004.13819,arxiv:2103.08052,2004.13819,2103.08052,Neural Machine Translation for Low-Resourced Indian Languages,Crowdsourced Phrase-Based Tokenization for Low-Resourced Neural Machine Translation: The Case of Fon Language,63.9,0.0,0.8331,0.886,separate
arxiv:2004.14109,arxiv:2103.08490,2004.14109,2103.08490,Adversarial Subword Regularization for Robust Neural Machine Translation,Multi-view Subword Regularization,53.3,0.0,0.8415,0.623,separate
arxiv:2004.14109,oa:W3166790124,2004.14109,2103.08490,Adversarial Subword Regularization for Robust Neural Machine Translation,Multi-view Subword Regularization,53.3,0.0,0.8424,0.645,separate
arxiv:2004.14788,arxiv:2109.13723,2004.14788,2109.13723,Character-Level Translation with Self-attention,Analyzing the Use of Character-Level Translation with Sparse and Noisy Datasets,63.5,0.0,0.8481,0.869,separate
arxiv:2004.14821,arxiv:2101.00421,2004.14821,2101.00421,Vocabulary Adaptation for Distant Domain Adaptation in Neural Machine Translation,The Highs and Lows of Simple Lexical Domain Adaptation Approaches for Neural Machine Translation,81.4,0.0,0.9074,0.531,separate
arxiv:2005.06606,oa:W3118022667,2005.06606,oa:W3118022667,Dynamic Programming Encoding for Subword Segmentation in Neural Machine Translation,Bilingual Subword Segmentation for Neural Machine Translation,91.1,0.0,0.864,0.924,separate
arxiv:2005.11239,oa:W2963223057,2005.11239,1809.02694,Character-level Transformer-based Neural Machine Translation,Neural Machine Translation of Logographic Language Using Sub-character Level Information,82.4,0.0,0.8573,0.897,separate
arxiv:2008.11869,arxiv:2108.00801,2008.11869,2108.00801,AMBERT: A Pre-trained Language Model with Multi-Grained Tokenization,LICHEE: Improving Language Model Pre-training with Multi-grained Tokenization,85.5,0.25,0.8335,0.652,separate
arxiv:2011.01703,oa:W3118022667,2011.01703,oa:W3118022667,Subword Segmentation and a Single Bridge Language Affect Zero-Shot Neural Machine Translation,Bilingual Subword Segmentation for Neural Machine Translation,87.0,0.0,0.8599,0.879,separate
arxiv:2011.01703,oa:W3112593586,2011.01703,2011.01703,Subword Segmentation and a Single Bridge Language Affect Zero-Shot Neural Machine Translation,Subword segmentation and a single bridge language affect zero-shot neural machine translation,100.0,1.0,0.9983,0.95,merge
arxiv:2103.08490,arxiv:2209.04126,2103.08490,2209.04126,Multi-view Subword Regularization,MaxMatch-Dropout: Subword Regularization for WordPiece,80.0,0.0,0.8302,0.722,separate
arxiv:2103.08490,oa:W3098989509,2103.08490,2004.14109,Multi-view Subword Regularization,Adversarial Subword Regularization for Robust Neural Machine Translation,53.3,0.0,0.8415,0.634,separate
arxiv:2106.00400,arxiv:2310.12751,2106.00400,2310.12751,Sub-Character Tokenization for Chinese Pretrained Language Models,Character-level Chinese Backpack Language Models,81.5,0.125,0.816,0.748,separate
arxiv:2106.00400,oa:W4389518348,2106.00400,2310.12751,Sub-Character Tokenization for Chinese Pretrained Language Models,Character-Level Chinese Backpack Language Models,81.5,0.125,0.8152,0.797,separate
arxiv:2106.07540,arxiv:2202.10879,2106.07540,2202.10879,Evaluating Various Tokenizers for Arabic Text Classification,Evaluating Persian Tokenizers,51.7,0.0,0.816,0.493,separate
arxiv:2109.13723,oa:W3034407863,2109.13723,2004.14788,Analyzing the Use of Character-Level Translation with Sparse and Noisy Datasets,Character-Level Translation with Self-attention,63.5,0.0,0.8466,0.901,separate
arxiv:2202.13590,oa:W3118022667,2202.13590,oa:W3118022667,LCP-dropout: Compression-based Multiple Subword Segmentation for Neural Machine Translation,Bilingual Subword Segmentation for Neural Machine Translation,91.1,0.0,0.8614,0.815,separate
arxiv:2202.13590,oa:W4404783998,2202.13590,oa:W4404783998,LCP-dropout: Compression-based Multiple Subword Segmentation for Neural Machine Translation,BERTSeg: BERT Based Unsupervised Subword Segmentation for Neural Machine Translation,81.4,0.0,0.7811,0.688,separate
arxiv:2205.11443,arxiv:2303.02427,2205.11443,2303.02427,Unsupervised Tokenization Learning,Self-tuning hyper-parameters for unsupervised cross-lingual tokenization,58.5,0.5,0.8721,0.329,separate
arxiv:2205.11490,arxiv:2208.05225,2205.11490,2208.05225,Local Byte Fusion for Neural Machine Translation,How Effective is Byte Pair Encoding for Out-Of-Vocabulary Words in Neural Machine Translation?,55.3,0.0,0.8283,,separate
arxiv:2205.11490,arxiv:2405.19290,2205.11490,2405.19290,Local Byte Fusion for Neural Machine Translation,Integrating Multi-scale Contextualized Information for Byte-based Neural Machine Translation,60.0,0.0,0.8966,,separate
arxiv:2205.11490,arxiv:2411.01474,2205.11490,2411.01474,Local Byte Fusion for Neural Machine Translation,MoCE: Adaptive Mixture of Contextualization Experts for Byte-based Neural Machine Translation,55.7,0.0,0.8765,,separate
arxiv:2205.11490,oa:W4404792896,2205.11490,oa:W4404792896,Local Byte Fusion for Neural Machine Translation,Finding the Optimal Byte-Pair Encoding Merge Operations for Neural Machine Translation in a Low-Resource Setting,51.2,0.0,0.8757,,separate
arxiv:2209.04126,oa:W3166790124,2209.04126,2103.08490,MaxMatch-Dropout: Subword Regularization for WordPiece,Multi-view Subword Regularization,80.0,0.0,0.8271,0.747,separate
arxiv:2212.07223,oa:W4385573425,2212.07223,oa:W4385573425,Evaluating Byte and Wordpiece Level Models for Massively Multilingual Semantic Parsing,Byte-Level Massively Multilingual Semantic Parsing,73.5,1.0,0.9885,0.948,separate
arxiv:2304.08865,arxiv:2401.14280,2304.08865,2401.14280,Romanization-based Large-scale Adaptation of Multilingual Language Models,RomanSetu: Efficiently unlocking multilingual capabilities of Large Language Models via Romanization,81.3,0.0,0.8943,0.333,separate
arxiv:2305.15020,arxiv:2402.09977,2305.15020,2402.09977,An Efficient Multilingual Language Model Compression through Vocabulary Trimming,Fast Vocabulary Transfer for Language Model Compression,80.4,0.0,0.8591,0.53,separate
arxiv:2305.16982,arxiv:2309.13222,2305.16982,2309.13222,TranSFormer: Slow-Fast Transformer for Machine Translation,Hindi to English: Transformer-Based Neural Machine Translation,81.6,0.0,0.804,0.603,separate
arxiv:2306.15268,oa:W4385718045,2306.15268,2306.15268,Can Pretrained Language Models Derive Correct Semantics from Corrupt Subwords under Noise?,Can Pretrained Language Models Derive Correct Semantics from Corrupt Subwords under Noise?,100.0,1.0,1.0,0.935,merge
arxiv:2306.16842,arxiv:2402.14614,2306.16842,2402.14614,Tokenization and the Noiseless Channel,Two Counterexamples to Tokenization and the Noiseless Channel,100.0,0.111,0.9042,0.623,separate
arxiv:2307.07262,arxiv:2511.20849,2307.07262,2511.20849,MorphPiece : A Linguistic Tokenizer for Large Language Models,Length-MAX Tokenizer for Language Models,84.1,0.0,0.822,0.673,separate
arxiv:2307.16400,oa:W4404783998,2307.16400,oa:W4404783998,SelfSeg: A Self-supervised Sub-word Segmentation Method for Neural Machine Translation,BERTSeg: BERT Based Unsupervised Subword Segmentation for Neural Machine Translation,82.1,0.667,0.8452,0.454,separate
arxiv:2402.09977,oa:W4389523854,2402.09977,2305.15020,Fast Vocabulary Transfer for Language Model Compression,Efficient Multilingual Language Model Compression through Vocabulary Trimming,80.4,0.0,0.8531,0.536,separate
arxiv:2402.14714,arxiv:2406.16508,2402.14714,2406.16508,Efficient and Effective Vocabulary Expansion Towards Multilingual Large Language Models,Large Vocabulary Size Improves Large Language Models,56.1,0.0,0.796,0.864,separate
arxiv:2402.14714,arxiv:2602.09388,2402.14714,2602.09388,Efficient and Effective Vocabulary Expansion Towards Multilingual Large Language Models,Effective vocabulary expansion of multilingual language models for extremely low-resource languages,80.8,0.0,0.8422,0.67,separate
arxiv:2404.09894,arxiv:2408.04905,2404.09894,2408.04905,Glitch Tokens in Large Language Models: Categorization Taxonomy and Effective Detection,GlitchProber: Advancing Effective Detection and Mitigation of Glitch Tokens in Large Language Models,83.8,0.444,0.9281,0.718,separate
arxiv:2405.07883,arxiv:2605.14890,2405.07883,2605.14890,Zero-Shot Tokenizer Transfer,Tokenizer Fertility and Zero-Shot Performance of Foundation Models on Ukrainian Legal Text: A Comparative Study,33.3,0.0,0.8132,0.824,separate
arxiv:2405.14159,arxiv:2504.07989,2405.14159,2504.07989,Super Tiny Language Models,Regional Tiny Stories: Using Small Models to Compare Language Learning and Tokenizer Performance,39.7,0.0,0.8534,0.389,separate
arxiv:2406.09717,arxiv:2509.17493,2406.09717,2509.17493,UniBridge: A Unified Approach to Cross-Lingual Transfer Learning for Low-Resource Languages,Enhancing Cross-Lingual Transfer through Reversible Transliteration: A Huffman-Based Approach for Low-Resource Languages,80.0,0.0,0.8244,0.814,separate
arxiv:2406.13560,arxiv:2603.22629,2406.13560,2603.22629,Lexically Grounded Subword Segmentation,LGSE: Lexically Grounded Subword Embedding Initialization for Low-Resource Language Adaptation,47.0,0.0,0.8882,0.836,separate
arxiv:2406.15358,arxiv:2601.13328,2406.15358,2601.13328,Introducing Syllable Tokenization for Low-resource Languages: A Case Study with Swahili,Reducing Tokenization Premiums for Low-Resource Languages,81.2,0.0,0.8382,0.62,separate
arxiv:2406.16508,arxiv:2508.15807,2406.16508,2508.15807,Large Vocabulary Size Improves Large Language Models,Vocabulary Expansion of Large Language Models via Kullback-Leibler-Based Self-Distillation,60.6,0.0,0.8157,0.239,separate
arxiv:2406.16508,arxiv:2511.14365,2406.16508,2511.14365,Large Vocabulary Size Improves Large Language Models,The Tokenization Bottleneck: How Vocabulary Extension Improves Chemistry Representation Learning in Pretrained Language Models,50.8,0.0,0.7928,0.623,separate
arxiv:2410.12989,arxiv:2511.20849,2410.12989,2511.20849,Qtok: A Comprehensive Framework for Evaluating Multilingual Tokenizer Quality in Large Language Models,Length-MAX Tokenizer for Language Models,45.4,0.0,0.8518,0.917,separate
arxiv:2410.19730,arxiv:2610.01127,2410.19730,2610.01127,Counting Ability of Large Language Models and Impact of Tokenization,Counting and Min-Cost Encoding for Tokenization in Large Language Models,83.9,0.1,0.8227,0.966,separate
arxiv:2412.09871,arxiv:2605.08044,2412.09871,2605.08044,Byte Latent Transformer: Patches Scale Better Than Tokens,Fast Byte Latent Transformer,59.5,0.222,0.91,0.848,separate
arxiv:2503.04611,arxiv:2610.05879,2503.04611,2610.05879,Towards Data-Efficient Language Models: A Child-Inspired Approach to Language Learning,Learning to Learn a Language,46.0,0.0,0.8441,0.493,separate
arxiv:2504.07989,arxiv:2610.05879,2504.07989,2610.05879,Regional Tiny Stories: Using Small Models to Compare Language Learning and Tokenizer Performance,Learning to Learn a Language,43.9,0.0,0.7999,0.456,separate
arxiv:2506.03523,arxiv:2605.13429,2506.03523,2605.13429,TokAlign: Efficient Vocabulary Adaptation via Token Alignment,TokAlign++: Advancing Vocabulary Adaptation via Better Token Alignment,90.9,0.6,0.9829,0.744,separate
arxiv:2509.05486,arxiv:2609.00378,2509.05486,2609.00378,The Token Tax: Systematic Bias in Multilingual Tokenization,Removable and Irreducible: A Token-Cost Ledger for the Multilingual Tokenization Tax,80.4,0.0,0.852,0.892,separate
arxiv:2509.14238,arxiv:2601.13328,2509.14238,2601.13328,Tokenization Strategies for Low-Resource Agglutinative Languages in Word2Vec: Case Study on Turkish and Finnish,Reducing Tokenization Premiums for Low-Resource Languages,49.1,0.0,0.8371,0.452,separate
arxiv:2510.21954,arxiv:2608.30092,2510.21954,2608.30092,Model-Aware Tokenizer Transfer,"Arkios: An Open Bilingual English-Nepali Language Model Trained From Scratch, with a Devanagari-Aware Tokenizer",38.8,0.0,0.7902,0.407,separate
arxiv:2510.21954,arxiv:2608.30114,2510.21954,2608.30114,Model-Aware Tokenizer Transfer,"Manacá-1B: An Open, Reproducible Brazilian-Portuguese Language Model and a Tokenizer-Aware, Paired Evaluation",34.1,0.0,0.8301,0.59,separate
arxiv:2512.14954,arxiv:2609.33816,2512.14954,2609.33816,Cross-Tokenizer Likelihood Scoring Algorithms for Language Model Distillation,Dual-Vocabulary Language Model for Cross-Tokenizer Distillation,85.5,0.0,0.8541,0.921,separate
arxiv:2602.04289,arxiv:2603.03583,2602.04289,2603.03583,Proxy Compression for Language Modeling,ByteFlow: Language Modeling through Adaptive Byte Compression without a Tokenizer,53.8,0.1,0.8559,0.552,separate
arxiv:2602.05347,oa:W7140143844,2602.05347,2602.05347,How Do Language Models Acquire Character-Level Information?,How Do Language Models Acquire Character-Level Information?,100.0,1.0,1.0,0.923,merge
arxiv:2603.22629,oa:W4404783377,2603.22629,2406.13560,LGSE: Lexically Grounded Subword Embedding Initialization for Low-Resource Language Adaptation,Lexically Grounded Subword Segmentation,47.0,0.0,0.8882,0.729,separate
arxiv:2605.01188,arxiv:2608.11361,2605.01188,2608.11361,Compute Optimal Tokenization,Lifecycle-Optimal Tokenization: Vocabulary Size as a Deployment-Regime-Dependent Infrastructure Parameter,39.4,0.0,0.868,0.33,separate
arxiv:2606.20993,oa:W7166818500,2606.20993,2606.20993,Phonemes to the Rescue: Multilingual Tokenization Based on International Phonetic Alphabet,Phonemes to the Rescue: Multilingual Tokenization Based on International Phonetic Alphabet,100.0,1.0,0.9933,0.944,merge
arxiv:2609.15991,oa:W4411119378,2609.15991,oa:W4411119378,The Functionalizer: Lossless Functional Decomposition for Subword Tokenization,Functional Lexicon in Subword Tokenization,62.2,0.0,0.7725,0.536,separate
oa:W3166790124,oa:W3098989509,2103.08490,2004.14109,Multi-view Subword Regularization,Adversarial Subword Regularization for Robust Neural Machine Translation,53.3,0.0,0.8424,0.656,separate
oa:W3118022667,oa:W3034789084,oa:W3118022667,2005.06606,Bilingual Subword Segmentation for Neural Machine Translation,Dynamic Programming Encoding for Subword Segmentation in Neural Machine Translation,91.1,0.0,0.8628,0.862,separate
oa:W3118022667,oa:W3112593586,oa:W3118022667,2011.01703,Bilingual Subword Segmentation for Neural Machine Translation,Subword segmentation and a single bridge language affect zero-shot neural machine translation,87.0,0.0,0.8554,0.925,separate
oa:W3118022667,oa:W4404783998,oa:W3118022667,oa:W4404783998,Bilingual Subword Segmentation for Neural Machine Translation,BERTSeg: BERT Based Unsupervised Subword Segmentation for Neural Machine Translation,91.1,0.0,0.8272,0.844,separate
oa:W3118022667,oa:W7126379402,oa:W3118022667,2011.01703,Bilingual Subword Segmentation for Neural Machine Translation,Subword Segmentation and a Single Bridge Language Affect Zero-Shot Neural Machine Translation,87.0,0.0,0.8543,0.925,separate
oa:W3118022667,oa:W3173571438,oa:W3118022667,oa:W3173571438,Bilingual Subword Segmentation for Neural Machine Translation,When is Char Better Than Subword: A Systematic Study of Segmentation Algorithms for Neural Machine Translation,64.7,0.0,0.8396,0.694,separate
oa:W3118022667,oa:W3185358959,oa:W3118022667,oa:W3185358959,Bilingual Subword Segmentation for Neural Machine Translation,Optimal Word Segmentation for Neural Machine Translation into Dravidian Languages,82.7,0.0,0.843,0.899,separate
oa:W3112593586,oa:W7126379402,2011.01703,2011.01703,Subword segmentation and a single bridge language affect zero-shot neural machine translation,Subword Segmentation and a Single Bridge Language Affect Zero-Shot Neural Machine Translation,100.0,1.0,0.9978,1.0,merge
