id,retriever,recall@5,mrr@10,first_hit_rank,duprate@5,distinct_works@5,latency_s,top5
t01,hybrid-bge,0.0,0.0,,0.4,3,0.0147,arxiv:2303.00722v1#34|arxiv:2303.00722v1#12|arxiv:2303.00722v1#4|arxiv:2605.13436v1#33|arxiv:2004.14821v2#31
t02,hybrid-bge,1.0,0.3333333333333333,3,0.4,3,0.0162,arxiv:2603.05883v1#19|arxiv:2603.05883v1#41|arxiv:2603.05883v1#21|oa:W7166852660#80|arxiv:2608.01153v1#36
t03,hybrid-bge,0.0,0.0,,0.6,2,0.026,arxiv:2610.01634v1#6|arxiv:2610.01634v1#19|arxiv:2610.01634v1#5|arxiv:2303.14588v1#16|arxiv:2303.14588v1#19
t04,hybrid-bge,1.0,1.0,1,0.4,3,0.0176,oa:W4404783132#11|oa:W4404783132#0|oa:W4404783132#3|arxiv:2512.20757v2#136|arxiv:2609.17553v1#38
t05,hybrid-bge,1.0,1.0,1,0.2,4,0.012,arxiv:2108.00391v1#2|arxiv:2310.08754v4#10|arxiv:2004.03720v2#3|arxiv:2004.03720v2#5|arxiv:2404.08335v2#70
t06,hybrid-bge,0.0,0.0,,0.4,3,0.014,arxiv:2602.04289v2#0|arxiv:2602.04289v2#4|arxiv:2602.04289v2#7|arxiv:2608.02376v2#9|arxiv:2603.03583v1#0
t07,hybrid-bge,1.0,1.0,1,0.4,3,0.01,oa:W3118022667#21|oa:W3118022667#5|oa:W3118022667#20|arxiv:1808.06226v1#23|oa:W4404783998#16
t08,hybrid-bge,1.0,1.0,1,0.6,2,0.01,arxiv:2605.22821v1#0|arxiv:2605.22821v1#4|arxiv:2605.22821v1#51|arxiv:2607.23362v1#3|arxiv:2607.23362v1#2
t09,hybrid-bge,0.0,0.0,,0.4,3,0.0081,arxiv:2609.39001v1#0|arxiv:2609.39001v1#3|arxiv:2609.39001v1#21|arxiv:2601.13328v1#15|arxiv:2305.15425v2#60
t10,hybrid-bge,1.0,1.0,1,0.6,2,0.0096,arxiv:2410.03258v1#0|arxiv:2410.03258v1#18|arxiv:2410.03258v1#10|arxiv:2601.21665v1#49|arxiv:2601.21665v1#0
t11,hybrid-bge,0.0,0.0,,0.6666666666666666,1,0.0098,arxiv:2609.29045v1#28|arxiv:2609.29045v1#22|arxiv:2609.29045v1#26
t12,hybrid-bge,1.0,1.0,1,0.4,3,0.0072,arxiv:1609.03777v2#21|arxiv:1609.03777v2#23|arxiv:1609.03777v2#24|arxiv:1906.07285v1#13|arxiv:1803.08240v1#25
t13,hybrid-bge,1.0,1.0,1,0.4,3,0.0069,arxiv:2610.01634v1#11|arxiv:2610.01634v1#0|arxiv:2610.01634v1#6|arxiv:2305.17906v1#9|arxiv:2303.14588v1#3
t14,hybrid-bge,1.0,0.25,4,0.6,2,0.0094,oa:W4402670681#39|arxiv:2010.02534v1#19|arxiv:2010.02534v1#9|arxiv:2010.02534v1#36|oa:W4402670681#21
t15,hybrid-bge,1.0,1.0,1,0.4,3,0.0066,arxiv:2205.07303v1#10|arxiv:2205.07303v1#2|arxiv:2205.07303v1#9|oa:W4402670496#9|oa:W3118022667#43
t16,hybrid-bge,1.0,1.0,1,0.4,3,0.0087,arxiv:2605.22821v1#2|arxiv:2605.22821v1#16|arxiv:2605.22821v1#0|arxiv:2501.06246v3#32|arxiv:2310.13348v1#10
t17,hybrid-bge,1.0,0.5,2,0.4,3,0.0071,arxiv:2203.10995v1#0|arxiv:2203.10995v1#11|arxiv:2203.10995v1#2|arxiv:1607.04606v2#14|arxiv:2304.10813v3#20
t18,hybrid-bge,1.0,1.0,1,0.4,3,0.0068,arxiv:2510.14365v4#20|arxiv:2510.14365v4#6|arxiv:2510.14365v4#3|arxiv:2502.08180v2#13|arxiv:2509.09112v2#78
t19,hybrid-bge,1.0,1.0,1,0.2,4,0.0153,arxiv:2404.02421v2#6|arxiv:2004.03720v2#8|arxiv:2004.03720v2#3|arxiv:2406.15245v2#7|arxiv:2512.06169v1#13
t20,hybrid-bge,0.25,1.0,1,0.4,3,0.0198,arxiv:2407.13623v3#2|arxiv:2305.03207v1#19|arxiv:2407.13623v3#73|arxiv:2407.13623v3#31|arxiv:1909.12375v1#19
t21,hybrid-bge,0.5,0.2,5,0.2,4,0.0163,arxiv:2402.14903v1#0|arxiv:2102.13019v3#7|arxiv:2506.19004v2#22|arxiv:2402.14903v1#38|arxiv:2601.09706v1#8
t22,hybrid-bge,1.0,1.0,1,0.4,3,0.0383,arxiv:2311.05741v2#18|arxiv:2311.05741v2#19|arxiv:2311.05741v2#4|arxiv:2512.03989v2#2|arxiv:2609.15528v1#6
t23,hybrid-bge,0.25,0.3333333333333333,3,0.2,4,0.0237,arxiv:2510.21909v1#34|arxiv:2510.21909v1#10|arxiv:2608.00582v1#38|arxiv:2601.11518v1#24|oa:W7166868509#4
t24,hybrid-bge,0.0,0.0,,0.4,3,0.0163,arxiv:2410.23684v2#6|arxiv:2410.23684v2#20|arxiv:2506.07541v1#39|arxiv:2410.23684v2#1|arxiv:2610.04399v1#3
t25,hybrid-bge,0.3333333333333333,0.3333333333333333,3,0.4,3,0.0179,arxiv:2601.18536v1#0|arxiv:2511.09709v1#19|arxiv:2511.09197v2#21|arxiv:2601.18536v1#18|arxiv:2601.18536v1#1
t26,hybrid-bge,0.0,0.0,,0.2,4,0.0211,arxiv:2004.03720v2#0|arxiv:2004.03720v2#3|arxiv:2305.05480v3#6|arxiv:2112.14569v2#6|arxiv:2605.13436v1#0
t27,hybrid-bge,1.0,1.0,1,0.4,3,0.0176,arxiv:2609.39001v1#14|arxiv:2609.39001v1#15|arxiv:2609.39001v1#0|arxiv:2410.10665v1#25|arxiv:2601.13328v1#15
t28,hybrid-bge,0.0,0.0,,0.6,2,0.0162,arxiv:2303.00722v1#26|arxiv:2303.00722v1#12|arxiv:2303.00722v1#11|arxiv:2004.14821v2#9|arxiv:2004.14821v2#10
t29,hybrid-bge,0.0,0.0,,0.6666666666666666,1,0.0117,arxiv:2609.29045v1#76|arxiv:2609.29045v1#74|arxiv:2609.29045v1#38
t30,hybrid-bge,0.0,0.0,,0.4,3,0.0111,arxiv:2203.10995v1#5|arxiv:2203.10995v1#0|arxiv:2203.10995v1#11|arxiv:2508.06621v1#19|arxiv:2605.12928v1#29
t01,bge,0.0,0.0,,0.6,2,0.0151,arxiv:2303.00722v1#12|arxiv:2303.00722v1#4|arxiv:2303.00722v1#25|arxiv:2101.00421v3#8|arxiv:2101.00421v3#10
t02,bge,0.0,0.0,,0.4,3,0.0093,arxiv:2603.05883v1#41|arxiv:2603.05883v1#19|arxiv:2603.05883v1#25|arxiv:2610.08794v1#13|arxiv:2605.14890v2#21
t03,bge,0.0,0.0,,0.4,3,0.0098,arxiv:2610.01634v1#19|arxiv:2610.01634v1#26|arxiv:2610.01634v1#5|arxiv:2303.14588v1#16|arxiv:2305.17906v1#18
t04,bge,1.0,1.0,1,0.4,3,0.0082,oa:W4404783132#11|oa:W4404783132#0|oa:W4404783132#50|arxiv:1909.12375v1#9|arxiv:2305.07005v1#25
t05,bge,1.0,1.0,1,0.4,3,0.0135,arxiv:2108.00391v1#2|arxiv:2404.08335v2#70|arxiv:2404.08335v2#31|arxiv:2404.08335v2#73|arxiv:2310.08754v4#51
t06,bge,0.0,0.0,,0.6666666666666666,1,0.0152,arxiv:2602.04289v2#0|arxiv:2602.04289v2#4|arxiv:2602.04289v2#7
t07,bge,1.0,1.0,1,0.4,3,0.0118,oa:W3118022667#21|oa:W3118022667#17|oa:W3118022667#20|arxiv:1804.10959v1#37|arxiv:1807.09639v1#20
t08,bge,1.0,1.0,1,0.5,2,0.015,arxiv:2605.22821v1#0|arxiv:2605.22821v1#59|arxiv:2605.22821v1#68|arxiv:2607.23362v1#2
t09,bge,0.0,0.0,,0.4,3,0.0181,arxiv:2609.39001v1#0|arxiv:2609.39001v1#7|arxiv:2609.39001v1#3|arxiv:2601.13328v1#15|arxiv:2510.21909v1#5
t10,bge,1.0,0.3333333333333333,3,0.6,2,0.0149,arxiv:2410.03258v1#10|arxiv:2410.03258v1#18|arxiv:2410.03258v1#0|arxiv:2601.21665v1#49|arxiv:2601.21665v1#2
t11,bge,0.0,0.0,,0.6666666666666666,1,0.0181,arxiv:2609.29045v1#28|arxiv:2609.29045v1#5|arxiv:2609.29045v1#75
t12,bge,1.0,1.0,1,0.6,2,0.0079,arxiv:1609.03777v2#21|arxiv:1609.03777v2#23|arxiv:1609.03777v2#26|arxiv:1803.08240v1#25|arxiv:1803.08240v1#11
t13,bge,1.0,1.0,1,0.4,3,0.0108,arxiv:2610.01634v1#11|arxiv:2610.01634v1#0|arxiv:2610.01634v1#6|arxiv:2305.17906v1#9|arxiv:2105.13626v3#0
t14,bge,0.0,0.0,,0.4,3,0.0081,oa:W4402670681#39|arxiv:2010.02534v1#9|oa:W4402670681#21|arxiv:2010.02534v1#1|oa:W4411120230#5
t15,bge,1.0,1.0,1,0.0,5,0.008,arxiv:2205.07303v1#10|arxiv:1804.10959v1#19|arxiv:2405.09913v2#8|oa:W4402670496#9|oa:W3118022667#43
t16,bge,1.0,1.0,1,0.4,3,0.0061,arxiv:2605.22821v1#2|arxiv:2605.22821v1#16|arxiv:2605.22821v1#0|arxiv:2310.13348v1#10|arxiv:2604.14053v1#12
t17,bge,1.0,1.0,1,0.4,3,0.006,arxiv:2203.10995v1#11|arxiv:2203.10995v1#0|arxiv:2203.10995v1#3|arxiv:1904.07994v2#6|arxiv:2306.15268v1#1
t18,bge,1.0,1.0,1,0.4,3,0.006,arxiv:2510.14365v4#20|arxiv:2510.14365v4#21|arxiv:2510.14365v4#3|arxiv:2502.08180v2#13|arxiv:2509.09112v2#56
t19,bge,1.0,1.0,1,0.0,5,0.0079,arxiv:2404.02421v2#6|arxiv:2508.08424v3#4|arxiv:2004.03720v2#8|arxiv:2312.02598v1#6|arxiv:2406.15245v2#7
t20,bge,0.25,0.3333333333333333,3,0.4,3,0.0098,arxiv:2407.13623v3#32|arxiv:2406.16508v2#0|arxiv:2407.13623v3#2|oa:W7166798258#6|arxiv:2406.16508v2#2
t21,bge,0.0,0.0,,0.2,4,0.0065,arxiv:2601.09706v1#11|arxiv:2309.06236v1#7|arxiv:2402.14903v1#0|arxiv:2506.19004v2#22|arxiv:2309.06236v1#6
t22,bge,1.0,1.0,1,0.4,3,0.0349,arxiv:2311.05741v2#18|arxiv:2311.05741v2#19|arxiv:2601.13260v2#30|arxiv:2512.03989v2#11|arxiv:2512.03989v2#2
t23,bge,0.25,0.3333333333333333,3,0.2,4,0.0079,arxiv:2510.21909v1#10|arxiv:2510.21909v1#34|arxiv:2605.01188v2#42|arxiv:2403.06265v2#35|oa:W7166868509#4
t24,bge,0.0,0.0,,0.4,3,0.0073,arxiv:2410.23684v2#6|arxiv:2610.04399v1#8|arxiv:2410.23684v2#20|arxiv:2506.07541v1#39|arxiv:2410.23684v2#19
t25,bge,0.0,0.125,8,0.4,3,0.0088,arxiv:2601.18536v1#0|arxiv:2601.18536v1#20|arxiv:2306.02383v2#18|arxiv:2601.18536v1#18|arxiv:2507.06378v1#19
t26,bge,0.0,0.0,,0.2,4,0.0089,arxiv:2112.14569v2#6|arxiv:2004.03720v2#0|arxiv:2508.08424v3#73|arxiv:2004.03720v2#3|arxiv:2605.13436v1#29
t27,bge,1.0,1.0,1,0.4,3,0.008,arxiv:2609.39001v1#14|arxiv:2609.39001v1#15|arxiv:2609.39001v1#7|arxiv:2410.10665v1#25|arxiv:2510.21909v1#18
t28,bge,0.0,0.0,,0.6,2,0.0071,arxiv:2303.00722v1#26|arxiv:2303.00722v1#12|arxiv:2303.00722v1#11|arxiv:2410.03258v1#18|arxiv:2410.03258v1#1
t29,bge,0.0,0.0,,0.6666666666666666,1,0.0059,arxiv:2609.29045v1#76|arxiv:2609.29045v1#28|arxiv:2609.29045v1#38
t30,bge,0.0,0.0,,0.4,3,0.0069,arxiv:2203.10995v1#11|arxiv:2203.10995v1#5|arxiv:2203.10995v1#0|arxiv:1904.07994v2#4|arxiv:2406.11687v3#26
t01,bm25,0.0,0.0,,0.4,3,0.0005,arxiv:2303.00722v1#34|arxiv:2303.00722v1#20|arxiv:2303.00722v1#19|arxiv:2004.14821v2#31|arxiv:1907.05854v1#33
t02,bm25,1.0,1.0,1,0.4,3,0.0005,arxiv:2603.05883v1#21|arxiv:2603.05883v1#22|arxiv:2603.05883v1#19|arxiv:2609.06690v1#12|oa:W7166852660#80
t03,bm25,1.0,0.5,2,0.6,2,0.0004,arxiv:2610.01634v1#6|arxiv:2610.01634v1#0|arxiv:2610.01634v1#5|arxiv:2303.14588v1#16|arxiv:2303.14588v1#27
t04,bm25,1.0,0.5,2,0.4,3,0.0005,oa:W4404783132#0|oa:W4404783132#11|oa:W4404783132#5|arxiv:2512.20757v2#136|arxiv:2609.17553v1#38
t05,bm25,1.0,1.0,1,0.0,5,0.0006,arxiv:2108.00391v1#2|arxiv:2404.02421v2#6|arxiv:2310.11360v1#14|arxiv:2310.08754v4#10|arxiv:1809.02694v1#24
t06,bm25,1.0,1.0,1,0.4,3,0.0005,arxiv:2602.04289v2#17|arxiv:2602.04289v2#0|arxiv:2602.04289v2#5|arxiv:2608.02376v2#9|arxiv:2603.03583v1#0
t07,bm25,0.0,0.0,,0.4,3,0.0005,oa:W3118022667#5|oa:W3118022667#0|oa:W3118022667#20|arxiv:2004.03720v2#3|arxiv:1809.02694v1#23
t08,bm25,1.0,1.0,1,0.4,3,0.0004,arxiv:2605.22821v1#0|arxiv:2605.22821v1#4|arxiv:2605.22821v1#65|arxiv:2607.23362v1#3|arxiv:2609.06898v1#6
t09,bm25,1.0,0.3333333333333333,3,0.6,2,0.0005,arxiv:2609.39001v1#0|arxiv:2609.39001v1#3|arxiv:2609.39001v1#8|arxiv:2305.15425v2#21|arxiv:2305.15425v2#60
t10,bm25,1.0,1.0,1,0.4,3,0.0004,arxiv:2410.03258v1#0|arxiv:2410.03258v1#18|arxiv:2410.03258v1#3|arxiv:2410.01188v1#56|arxiv:2601.21665v1#49
t11,bm25,0.0,0.0,,0.6666666666666666,1,0.0004,arxiv:2609.29045v1#22|arxiv:2609.29045v1#34|arxiv:2609.29045v1#26
t12,bm25,1.0,0.5,2,0.4,3,0.0004,arxiv:1609.03777v2#23|arxiv:1609.03777v2#21|arxiv:1609.03777v2#22|arxiv:1808.09180v1#22|arxiv:1803.08240v1#13
t13,bm25,1.0,1.0,1,0.4,3,0.0003,arxiv:2610.01634v1#11|arxiv:2610.01634v1#0|arxiv:2610.01634v1#17|arxiv:2305.17906v1#9|arxiv:2303.14588v1#7
t14,bm25,1.0,1.0,1,0.6,2,0.0004,arxiv:2010.02534v1#36|oa:W4402670681#40|arxiv:2010.02534v1#39|oa:W4402670681#82|arxiv:2010.02534v1#19
t15,bm25,1.0,1.0,1,0.4,3,0.0004,arxiv:2205.07303v1#10|arxiv:2205.07303v1#2|arxiv:2205.07303v1#17|arxiv:2512.18399v1#29|oa:W4402670496#9
t16,bm25,1.0,0.5,2,0.4,3,0.0004,arxiv:2605.22821v1#16|arxiv:2605.22821v1#2|arxiv:2605.22821v1#0|arxiv:2605.29379v1#33|arxiv:2501.06246v3#32
t17,bm25,0.0,0.0,,0.4,3,0.0021,arxiv:2203.10995v1#0|arxiv:2203.10995v1#2|arxiv:2203.10995v1#5|arxiv:1607.04606v2#14|arxiv:2304.10813v3#20
t18,bm25,1.0,0.5,2,0.4,3,0.0008,arxiv:2510.14365v4#6|arxiv:2510.14365v4#20|arxiv:2510.14365v4#0|arxiv:2610.09033v1#25|arxiv:2502.08180v2#13
t19,bm25,1.0,1.0,1,0.2,4,0.0004,arxiv:2404.02421v2#6|arxiv:2004.03720v2#8|arxiv:2401.18034v3#11|arxiv:2404.02421v2#13|arxiv:2306.09572v1#7
t20,bm25,0.0,0.14285714285714285,7,0.0,5,0.0004,arxiv:1906.01569v1#22|arxiv:2004.04002v2#81|arxiv:2406.11477v3#3|arxiv:1905.10453v2#37|arxiv:2206.07615v1#39
t21,bm25,0.5,0.25,4,0.0,5,0.0007,arxiv:2102.13019v3#7|arxiv:2502.19981v1#1|arxiv:2402.14903v1#0|arxiv:2601.09706v1#8|arxiv:2604.11582v3#21
t22,bm25,0.5,1.0,1,0.4,3,0.0005,arxiv:2311.05741v2#4|arxiv:2311.05741v2#19|arxiv:2311.05741v2#18|arxiv:2506.10766v1#36|arxiv:2308.11878v1#5
t23,bm25,0.0,0.0,,0.4,3,0.0004,arxiv:2601.11518v1#24|arxiv:2609.34065v1#37|arxiv:2407.08818v2#34|arxiv:2609.34065v1#112|arxiv:2609.34065v1#109
t24,bm25,0.5,0.3333333333333333,3,0.4,3,0.0006,arxiv:2410.23684v2#12|arxiv:2512.03989v2#58|arxiv:2410.23684v2#13|arxiv:2410.23684v2#2|arxiv:2508.06621v1#28
t25,bm25,0.3333333333333333,0.3333333333333333,3,0.0,5,0.0005,arxiv:2602.06942v1#87|arxiv:2511.09709v1#19|arxiv:2511.09197v2#21|arxiv:2507.06378v1#3|arxiv:2601.18536v1#0
t26,bm25,1.0,1.0,1,0.4,3,0.0005,arxiv:2004.03720v2#19|arxiv:2004.03720v2#0|arxiv:2004.03720v2#3|arxiv:2605.13436v1#0|arxiv:2305.05480v3#6
t27,bm25,1.0,1.0,1,0.4,3,0.0004,arxiv:2609.39001v1#14|arxiv:2609.39001v1#0|arxiv:2609.39001v1#4|arxiv:2601.13328v1#15|arxiv:2410.10665v1#25
t28,bm25,0.0,0.0,,0.6,2,0.0016,arxiv:2303.00722v1#26|arxiv:2303.00722v1#12|arxiv:2303.00722v1#31|arxiv:2004.14821v2#10|arxiv:2004.14821v2#26
t29,bm25,0.0,0.0,,0.6666666666666666,1,0.0004,arxiv:2609.29045v1#39|arxiv:2609.29045v1#91|arxiv:2609.29045v1#36
t30,bm25,1.0,0.3333333333333333,3,0.4,3,0.001,arxiv:2203.10995v1#5|arxiv:2203.10995v1#0|arxiv:2203.10995v1#12|arxiv:2605.12928v1#29|arxiv:2608.03452v1#18
