tag,html_sections,pdf_sections,heading_f1,body_word_recall,pdf_refs_excluded,html_seconds,pdf_seconds
1508.07909v5,12,13,0.96,0.971,true,0.05,7.33
1804.10959v1,18,19,0.973,0.873,true,0.19,6.99
1808.06226v1,13,16,0.897,0.982,true,0.02,4.31
1910.13267v2,29,31,0.967,0.951,true,0.13,9.51
2004.03720v2,9,11,0.8,0.928,true,0.13,4.47
2103.06874v4,25,26,0.941,0.861,true,0.13,14.95
2105.13626v3,18,19,0.973,0.969,true,0.49,16.8
2305.07185v2,40,41,0.988,0.929,true,0.32,12.44
2402.18376v2,39,43,0.951,0.931,true,0.32,18.64
2412.09871v1,39,40,0.987,0.941,true,0.08,15.67
2503.13423v3,36,38,0.932,0.972,true,0.06,13.42
mean,25.273,27.0,0.943,0.937,11/11,0.175,11.321
